birch_cluster_label,level_count,game_start_count,active_days,avg_revenue_per_level,ltv_d7
High Revenue,6.287354308428215,2.2252235927570183,1.738030830561344,7.597615341207477e-11,4.776889954932113e-10
Low Revenue,16.234010053600688,5.117347364904369,2.8367716250452406,0.042671044104025724,0.692722158982392
Medium Revenue,56.022935779816514,15.057339449541285,4.972477064220183,0.1714660783966005,9.606033098429734
No or Very Low Revenue,10.332302861582287,3.2937491948988793,2.071106530980291,0.00580229000515996,0.059951017624044554
